{"2015-01": {"AveragePrice": 1.0924537037037039, "Total Volume": 311356008.3999999}, "2015-02": {"AveragePrice": 1.0553240740740737, "Total Volume": 355382893.92}, "2015-03": {"AveragePrice": 1.0898888888888896, "Total Volume": 409120859.45999974}, "2015-04": {"AveragePrice": 1.1168518518518527, "Total Volume": 336112904.3899998}, "2015-05": {"AveragePrice": 1.0905185185185182, "Total Volume": 473256853.5799999}, "2015-06": {"AveragePrice": 1.0864814814814812, "Total Volume": 374967320.01999986}, "2015-07": {"AveragePrice": 1.113888888888888, "Total Volume": 350081014.3999999}, "2015-08": {"AveragePrice": 1.1170370370370368, "Total Volume": 410822982.9100001}, "2015-09": {"AveragePrice": 1.0752777777777784, "Total Volume": 323491954.00000006}, "2015-10": {"AveragePrice": 1.0639814814814812, "Total Volume": 300071660.57}, "2015-11": {"AveragePrice": 1.0249629629629633, "Total Volume": 361839629.40999985}, "2015-12": {"AveragePrice": 1.0062499999999999, "Total Volume": 290095154.62999994}, "2016-01": {"AveragePrice": 0.9859259259259263, "Total Volume": 465352447.99999994}, "2016-02": {"AveragePrice": 0.9373148148148144, "Total Volume": 420088321.47000015}, "2016-03": {"AveragePrice": 1.0012962962962966, "Total Volume": 380533766.73999995}, "2016-04": {"AveragePrice": 0.9611111111111114, "Total Volume": 389467197.4900002}, "2016-05": {"AveragePrice": 0.9362222222222223, "Total Volume": 545825281.43}, "2016-06": {"AveragePrice": 1.072546296296296, "Total Volume": 399450648.56999993}, "2016-07": {"AveragePrice": 1.1853703703703706, "Total Volume": 453881625.29999995}, "2016-08": {"AveragePrice": 1.179768518518519, "Total Volume": 359967052.34}, "2016-09": {"AveragePrice": 1.1879629629629633, "Total Volume": 352050391.5500001}, "2016-10": {"AveragePrice": 1.3532962962962953, "Total Volume": 350056204.26000005}, "2016-11": {"AveragePrice": 1.3781944444444447, "Total Volume": 251235797.49}, "2016-12": {"AveragePrice": 1.0785185185185182, "Total Volume": 322341078.40999997}, "2017-01": {"AveragePrice": 1.0435555555555562, "Total Volume": 520693766.76999986}, "2017-02": {"AveragePrice": 1.0052314814814818, "Total Volume": 457536551.4200002}, "2017-03": {"AveragePrice": 1.2920833333333321, "Total Volume": 343234264.46}, "2017-04": {"AveragePrice": 1.3077407407407406, "Total Volume": 471567890.93}, "2017-05": {"AveragePrice": 1.2800925925925923, "Total Volume": 411622546.92999995}, "2017-06": {"AveragePrice": 1.2885648148148159, "Total Volume": 396636485.79}, "2017-07": {"AveragePrice": 1.3184814814814816, "Total Volume": 459587607.04000014}, "2017-08": {"AveragePrice": 1.4389814814814812, "Total Volume": 327224335.0599999}, "2017-09": {"AveragePrice": 1.6209722222222214, "Total Volume": 273122539.0299999}, "2017-10": {"AveragePrice": 1.5736666666666652, "Total Volume": 347623859.41000026}, "2017-11": {"AveragePrice": 1.2602777777777778, "Total Volume": 313784455.88}, "2017-12": {"AveragePrice": 1.1581944444444447, "Total Volume": 342688726.11999995}, "2018-01": {"AveragePrice": 1.1521481481481477, "Total Volume": 515637102.21999985}, "2018-02": {"AveragePrice": 1.0713888888888885, "Total Volume": 481650325.33000016}, "2018-03": {"AveragePrice": 1.130648148148148, "Total Volume": 437761406.18000007}, "2018-04": {"AveragePrice": 1.1136666666666668, "Total Volume": 579397474.2}, "2018-05": {"AveragePrice": 1.0417129629629627, "Total Volume": 533219185.0099999}, "2018-06": {"AveragePrice": 1.1081481481481477, "Total Volume": 474005530.5599998}, "2018-07": {"AveragePrice": 1.1166666666666663, "Total Volume": 578216872.1600001}, "2018-08": {"AveragePrice": 1.1997222222222215, "Total Volume": 417515818.1500001}, "2018-09": {"AveragePrice": 1.2626666666666657, "Total Volume": 480777679.90999997}, "2018-10": {"AveragePrice": 1.1342592592592595, "Total Volume": 392805045.0}, "2018-11": {"AveragePrice": 1.1645833333333329, "Total Volume": 340894375.24999994}, "2018-12": {"AveragePrice": 1.2859259259259261, "Total Volume": 73030426.87}, "2019-01": {"AveragePrice": 1.0516666666666665, "Total Volume": 485102064.88000005}, "2019-02": {"AveragePrice": 0.9730092592592592, "Total Volume": 516792912.97999984}, "2019-03": {"AveragePrice": 1.0306666666666664, "Total Volume": 611894320.1000001}, "2019-04": {"AveragePrice": 1.2183796296296299, "Total Volume": 448249707.03000003}, "2019-05": {"AveragePrice": 1.2982870370370378, "Total Volume": 452203696.8000001}, "2019-06": {"AveragePrice": 1.3352592592592585, "Total Volume": 533441252.8300001}, "2019-07": {"AveragePrice": 1.4985648148148145, "Total Volume": 376492263.67000014}, "2019-08": {"AveragePrice": 1.3626851851851844, "Total Volume": 396337044.62999994}, "2019-09": {"AveragePrice": 1.2484074074074076, "Total Volume": 513650366.82}, "2019-10": {"AveragePrice": 1.1379166666666662, "Total Volume": 413622683.2099999}, "2019-11": {"AveragePrice": 1.0805092592592591, "Total Volume": 395060783.39000005}, "2019-12": {"AveragePrice": 1.085925925925926, "Total Volume": 83053483.0}}