{"2015-01": {"AveragePrice": 1.6376388888888886, "Total Volume": 6729201.19}, "2015-02": {"AveragePrice": 1.5985648148148144, "Total Volume": 7254705.309999998}, "2015-03": {"AveragePrice": 1.6340740740740733, "Total Volume": 9462210.309999999}, "2015-04": {"AveragePrice": 1.6500462962962945, "Total Volume": 8031490.760000002}, "2015-05": {"AveragePrice": 1.598851851851852, "Total Volume": 10527191.209999999}, "2015-06": {"AveragePrice": 1.711666666666666, "Total Volume": 6859423.69}, "2015-07": {"AveragePrice": 1.705, "Total Volume": 6620858.229999999}, "2015-08": {"AveragePrice": 1.7719259259259272, "Total Volume": 8421831.910000006}, "2015-09": {"AveragePrice": 1.8230092592592597, "Total Volume": 5726879.050000002}, "2015-10": {"AveragePrice": 1.7199537037037036, "Total Volume": 5704450.45}, "2015-11": {"AveragePrice": 1.6362592592592597, "Total Volume": 7600406.9799999995}, "2015-12": {"AveragePrice": 1.605627906976744, "Total Volume": 5930777.260000001}, "2016-01": {"AveragePrice": 1.494444444444446, "Total Volume": 10053317.580000002}, "2016-02": {"AveragePrice": 1.5368981481481483, "Total Volume": 8557480.509999996}, "2016-03": {"AveragePrice": 1.4471296296296292, "Total Volume": 10678641.540000001}, "2016-04": {"AveragePrice": 1.448935185185185, "Total Volume": 12365554.299999997}, "2016-05": {"AveragePrice": 1.4632222222222215, "Total Volume": 15405249.139999999}, "2016-06": {"AveragePrice": 1.4935648148148155, "Total Volume": 10877505.510000004}, "2016-07": {"AveragePrice": 1.6172962962962967, "Total Volume": 13393718.929999998}, "2016-08": {"AveragePrice": 1.642453703703705, "Total Volume": 10829914.640000004}, "2016-09": {"AveragePrice": 1.667777777777778, "Total Volume": 10252883.93}, "2016-10": {"AveragePrice": 1.7608888888888898, "Total Volume": 10145600.020000005}, "2016-11": {"AveragePrice": 1.7218518518518517, "Total Volume": 8973539.209999999}, "2016-12": {"AveragePrice": 1.5534722222222226, "Total Volume": 9106673.469999999}, "2017-01": {"AveragePrice": 1.5114444444444441, "Total Volume": 12639266.639999991}, "2017-02": {"AveragePrice": 1.423133640552996, "Total Volume": 13969703.25}, "2017-03": {"AveragePrice": 1.5045161290322584, "Total Volume": 15694086.590000004}, "2017-04": {"AveragePrice": 1.697481481481481, "Total Volume": 18246638.61}, "2017-05": {"AveragePrice": 1.7850925925925918, "Total Volume": 14107994.679999996}, "2017-06": {"AveragePrice": 1.8046261682242988, "Total Volume": 13774165.159999995}, "2017-07": {"AveragePrice": 1.8113703703703703, "Total Volume": 15316103.320000004}, "2017-08": {"AveragePrice": 1.9589351851851835, "Total Volume": 11108655.119999997}, "2017-09": {"AveragePrice": 2.060925925925924, "Total Volume": 11656997.299999999}, "2017-10": {"AveragePrice": 1.9312222222222215, "Total Volume": 15154097.329999994}, "2017-11": {"AveragePrice": 1.7743055555555556, "Total Volume": 10734852.649999995}, "2017-12": {"AveragePrice": 1.6096759259259263, "Total Volume": 12491262.450000001}, "2018-01": {"AveragePrice": 1.5811481481481473, "Total Volume": 18222852.86}, "2018-02": {"AveragePrice": 1.566018518518519, "Total Volume": 16127871.090000004}, "2018-03": {"AveragePrice": 1.5422685185185199, "Total Volume": 17491654.04}, "2018-04": {"AveragePrice": 1.533925925925927, "Total Volume": 22219844.690000005}, "2018-05": {"AveragePrice": 1.511898148148148, "Total Volume": 18491732.219999988}, "2018-06": {"AveragePrice": 1.5107870370370362, "Total Volume": 19934653.75}, "2018-07": {"AveragePrice": 1.5555555555555547, "Total Volume": 20509263.090000007}, "2018-08": {"AveragePrice": 1.6329166666666663, "Total Volume": 15475847.050000003}, "2018-09": {"AveragePrice": 1.687444444444444, "Total Volume": 20021889.970000006}, "2018-10": {"AveragePrice": 1.556111111111112, "Total Volume": 16310634.600000003}, "2018-11": {"AveragePrice": 1.5556944444444454, "Total Volume": 15505996.700000001}, "2018-12": {"AveragePrice": 1.585185185185185, "Total Volume": 3319805.9000000004}, "2019-01": {"AveragePrice": 1.49486111111111, "Total Volume": 17870529.299999993}, "2019-02": {"AveragePrice": 1.412731481481481, "Total Volume": 16880683.950000003}, "2019-03": {"AveragePrice": 1.4056296296296293, "Total Volume": 22272445.20999999}, "2019-04": {"AveragePrice": 1.6311111111111107, "Total Volume": 16522040.400000002}, "2019-05": {"AveragePrice": 1.7635648148148146, "Total Volume": 14511663.380000003}, "2019-06": {"AveragePrice": 1.7117777777777772, "Total Volume": 19186830.8}, "2019-07": {"AveragePrice": 1.95162037037037, "Total Volume": 13221124.140000004}, "2019-08": {"AveragePrice": 1.8587037037037033, "Total Volume": 14361446.039999997}, "2019-09": {"AveragePrice": 1.676296296296297, "Total Volume": 19939173.959999993}, "2019-10": {"AveragePrice": 1.5032407407407409, "Total Volume": 16634950.169999996}, "2019-11": {"AveragePrice": 1.5120833333333332, "Total Volume": 15139230.659999998}, "2019-12": {"AveragePrice": 1.5012962962962964, "Total Volume": 3283523.0}}